{
  "no_rag_llm_mean_fitness": 0.2067268023147163,
  "no_rag_llm_time_seconds": 4.772032022476196
}