{
  "no_rag_llm_mean_fitness": 0.24471328629273278,
  "no_rag_llm_time_seconds": 455.22375106811523
}