{
  "no_rag_llm_mean_fitness": 0.23032533283596618,
  "no_rag_llm_time_seconds": 19.266225814819336
}