{
  "no_rag_llm_mean_fitness": 0.22704293146404134,
  "no_rag_llm_time_seconds": 4.411224126815796
}