{
  "no_rag_llm_mean_fitness": 0.24568780270905718,
  "no_rag_llm_time_seconds": 4.179996013641357
}