{
  "Random Search": {
    "mean_score": 0.3719046208029919,
    "std_score": 0.004717128217191473,
    "max_score": 0.3771581501968324,
    "min_score": 0.3642927733924648,
    "best_chunk_size": 768,
    "best_top_k": 3,
    "best_run": 3,
    "avg_time_seconds": 41.525106406211854
  },
  "Hill Climbing": {
    "mean_score": 0.3720926977284063,
    "std_score": 0.004567896959554908,
    "max_score": 0.3771581501968324,
    "min_score": 0.36488996306683735,
    "best_chunk_size": 768,
    "best_top_k": 3,
    "best_run": 1,
    "avg_time_seconds": 7.67966594696045
  },
  "Simulated Annealing": {
    "mean_score": 0.3688369139349134,
    "std_score": 0.009704520721407352,
    "max_score": 0.3771581501968324,
    "min_score": 0.35428650155694486,
    "best_chunk_size": 768,
    "best_top_k": 3,
    "best_run": 4,
    "avg_time_seconds": 1.4681028842926025
  }
}