{
  "Hill Climbing": {
    "best_run": 7,
    "chunk_size": 448,
    "top_k": 4,
    "best_score": 0.7886887842230499,
    "recomputed_score": 0.7788368981899694,
    "num_questions": 500
  },
  "Random Search": {
    "best_run": 7,
    "chunk_size": 192,
    "top_k": 9,
    "best_score": 0.784791536796838,
    "recomputed_score": 0.7667217850722372,
    "num_questions": 500
  },
  "Simulated Annealing": {
    "best_run": 7,
    "chunk_size": 448,
    "top_k": 4,
    "best_score": 0.7886887842230499,
    "recomputed_score": 0.7788368981899694,
    "num_questions": 500
  }
}