{
  "Random Search": {
    "mean_score": 0.7810364874129274,
    "std_score": 0.012049486095902605,
    "max_score": 0.7976743392391582,
    "min_score": 0.7712277887390155,
    "best_chunk_size": 256,
    "best_chunk_overlap": 96,
    "best_top_k": 7,
    "best_similarity_threshold": 0.2,
    "best_retrieval_metric": "dot",
    "best_embedding_model": "minilm",
    "best_max_context_chars": 2048,
    "best_run": 5,
    "avg_time_seconds": 221.95974049568176,
    "total_runs": 5
  },
  "Hill Climbing": {
    "mean_score": 0.7672321513029431,
    "std_score": 0.03057219248520505,
    "max_score": 0.8208244857108891,
    "min_score": 0.7475549204389579,
    "best_chunk_size": 384,
    "best_chunk_overlap": 48,
    "best_top_k": 19,
    "best_similarity_threshold": 0.4,
    "best_retrieval_metric": "dot",
    "best_embedding_model": "minilm",
    "best_max_context_chars": 2048,
    "best_run": 5,
    "avg_time_seconds": 216.97974495887757,
    "total_runs": 5
  },
  "Simulated Annealing": {
    "mean_score": 0.789756863559446,
    "std_score": 0.019849829782696324,
    "max_score": 0.8147230450229148,
    "min_score": 0.7654508899370462,
    "best_chunk_size": 384,
    "best_chunk_overlap": 48,
    "best_top_k": 13,
    "best_similarity_threshold": 0.0,
    "best_retrieval_metric": "cosine",
    "best_embedding_model": "minilm",
    "best_max_context_chars": 2048,
    "best_run": 2,
    "avg_time_seconds": 193.76574993133545,
    "total_runs": 5
  },
  "_baselines": {
    "no_rag_llm_mean_fitness": 0.22704293146404134,
    "no_rag_llm_time_seconds": 4.411224126815796
  }
}