{
  "no_rag_llm_mean_fitness": 0.20672680204649538,
  "no_rag_llm_time_seconds": 14.852183103561401
}